work,workLabel,author,authorLabel,publisher,publisherLabel,publicationDate,isbn
http://www.wikidata.org/entity/Q100149220,Urban Life in the Middle Ages 1000-1450,http://www.wikidata.org/entity/Q57243192,Keith D. Lilley,http://www.wikidata.org/entity/Q1076074,Palgrave Macmillan,2002-05-01T00:00:00Z,
http://www.wikidata.org/entity/Q100149253,The Black Death,http://www.wikidata.org/entity/Q4647729,A. E. Levett,http://www.wikidata.org/entity/Q10454562,Clarendon Press,1916-01-01T00:00:00Z,
http://www.wikidata.org/entity/Q100149253,The Black Death,http://www.wikidata.org/entity/Q4684449,Adolphus Ballard,http://www.wikidata.org/entity/Q10454562,Clarendon Press,1916-01-01T00:00:00Z,
http://www.wikidata.org/entity/Q100158604,"Estoril, los años dorados.",http://www.wikidata.org/entity/Q100158635,Ricardo Mateos Sáinz de Medrano,http://www.wikidata.org/entity/Q21806357,La Esfera de los Libros,2012-01-01T00:00:00Z,978-84-9970-332-9
http://www.wikidata.org/entity/Q100216001,Rigged: How globalization and the rules to the modern economy were structured to make the rich richer,http://www.wikidata.org/entity/Q222122,Dean Baker,http://www.wikidata.org/entity/Q1053591,Center for Economic and Policy Research,2016-01-01T00:00:00Z,
http://www.wikidata.org/entity/Q100255508,Q100255508,http://www.wikidata.org/entity/Q366471,Yakov Zeldovich,http://www.wikidata.org/entity/Q248326,Nauka,1975-01-01T00:00:00Z,
http://www.wikidata.org/entity/Q100255508,Q100255508,http://www.wikidata.org/entity/Q931008,Igor Novikov,http://www.wikidata.org/entity/Q248326,Nauka,1975-01-01T00:00:00Z,
http://www.wikidata.org/entity/Q100255510,Q100255510,http://www.wikidata.org/entity/Q931008,Igor Novikov,http://www.wikidata.org/entity/Q248326,Nauka,1983-01-01T00:00:00Z,
http://www.wikidata.org/entity/Q100267990,Ghosting the News; Local Journalism and the Crisis of American Democracy,http://www.wikidata.org/entity/Q20979407,Margaret Sullivan,http://www.wikidata.org/entity/Q100268009,Columbia Global Reports,2020-07-14T00:00:00Z,
http://www.wikidata.org/entity/Q100270853,Play; recreation in a balanced life,http://www.wikidata.org/entity/Q4822857,Austen Fox Riggs,http://www.wikidata.org/entity/Q1251563,Doubleday,1935-01-01T00:00:00Z,
http://www.wikidata.org/entity/Q100270859,Intelligent Living,http://www.wikidata.org/entity/Q4822857,Austen Fox Riggs,http://www.wikidata.org/entity/Q1251563,Doubleday,1929-01-01T00:00:00Z,
http://www.wikidata.org/entity/Q100300230,Grundzüge der Mineralogie,http://www.wikidata.org/entity/Q76459,Wolfgang Franz von Kobell,http://www.wikidata.org/entity/Q1695284,Johann Leonhard Schrag,1838-01-01T00:00:00Z,
http://www.wikidata.org/entity/Q100328725,Vers Tombouctou : L'Afrique des explorateurs II,http://www.wikidata.org/entity/Q25694951,Anne Hugon,http://www.wikidata.org/entity/Q273819,Éditions Gallimard,1994-09-14T00:00:00Z,978-2-07-053226-1
http://www.wikidata.org/entity/Q100334109,Governing Global Health: Who Runs the World and Why?,http://www.wikidata.org/entity/Q229671,Chelsea Clinton,http://www.wikidata.org/entity/Q217595,Oxford University Press,2017-01-01T00:00:00Z,
http://www.wikidata.org/entity/Q100334109,Governing Global Health: Who Runs the World and Why?,http://www.wikidata.org/entity/Q64498584,Devi Sridhar,http://www.wikidata.org/entity/Q217595,Oxford University Press,2017-01-01T00:00:00Z,
http://www.wikidata.org/entity/Q100400724,Q100400724,http://www.wikidata.org/entity/Q11471037,Ryōta Yamasato,http://www.wikidata.org/entity/Q11102956,Tokyo News Service,2019-04-12T00:00:00Z,978-4-86336-908-5
http://www.wikidata.org/entity/Q100436517,Q100436517,http://www.wikidata.org/entity/Q3110601,Gonzague Saint Bris,http://www.wikidata.org/entity/Q3579243,Belfond,2009-01-01T00:00:00Z,978-2-84011-938-8
http://www.wikidata.org/entity/Q100593744,"Rural Settlement, Lifestyles and Social Change in the Later First Millennium AD: Anglo-Saxon Flixborough. Excavations at Flixborough Vol 4",http://www.wikidata.org/entity/Q55939555,Christopher Loveluck,http://www.wikidata.org/entity/Q51094838,Oxbow Books,2007-01-01T00:00:00Z,
http://www.wikidata.org/entity/Q100605984,"Fram og tilbake til by'n - om HSD, langruter, lokalruter, båtar og stoppestadar",http://www.wikidata.org/entity/Q16905397,Harald Sætre,http://www.wikidata.org/entity/Q11980077,Kapabel Forlag,2018-07-01T00:00:00Z,978-82-8163-082-6
http://www.wikidata.org/entity/Q100623743,Asser’s Life of King Alfred together with the Annals of Saint Neots erroneously ascribed to Asser,http://www.wikidata.org/entity/Q16031325,William Henry Stevenson,http://www.wikidata.org/entity/Q10454562,Clarendon Press,1904-01-01T00:00:00Z,
http://www.wikidata.org/entity/Q100627724,King Alfred’s Coins. The Watlington Viking Hoard,http://www.wikidata.org/entity/Q57305534,John Naylor,http://www.wikidata.org/entity/Q636400,Ashmolean Museum,2016-01-01T00:00:00Z,
http://www.wikidata.org/entity/Q100628898,"The Cuerdale Hoard and Related Viking Age Silver and Gold, from Britain and Ireland in the British Museum",http://www.wikidata.org/entity/Q54915910,James Graham-Campbell,http://www.wikidata.org/entity/Q65088010,British Museum Press,2011-01-01T00:00:00Z,978-0-86159-185-5
http://www.wikidata.org/entity/Q100680940,Q100680940,http://www.wikidata.org/entity/Q100324059,Marc Girard,http://www.wikidata.org/entity/Q3332563,Médiaspaul,2016-05-01T00:00:00Z,978-2-89760-058-7
http://www.wikidata.org/entity/Q100692735,Viking Age York,http://www.wikidata.org/entity/Q56191441,Richard Hall,http://www.wikidata.org/entity/Q55740353,B. T. Batsford,1994-01-01T00:00:00Z,
http://www.wikidata.org/entity/Q100828746,"The gate to Haskalah : an annotated index to hame'asef, the first hebrew journal",http://www.wikidata.org/entity/Q7038512,Moshe Pelli,http://www.wikidata.org/entity/Q12406495,Hotsaʼat sefarim ʻa. sh. Y.L. Magnes,2000-01-01T00:00:00Z,
http://www.wikidata.org/entity/Q100871299,The Age of Sutton Hoo: the Seventh Century in North-Western Europe,http://www.wikidata.org/entity/Q6775123,Martin Carver,http://www.wikidata.org/entity/Q4952408,Boydell & Brewer,1992-01-01T00:00:00Z,
http://www.wikidata.org/entity/Q100891107,Wharram Percy: Deserted Medieval Village,http://www.wikidata.org/entity/Q11722941,Maurice Beresford,http://www.wikidata.org/entity/Q936287,English Heritage,1990-01-01T00:00:00Z,
http://www.wikidata.org/entity/Q100891107,Wharram Percy: Deserted Medieval Village,http://www.wikidata.org/entity/Q11722941,Maurice Beresford,http://www.wikidata.org/entity/Q55740353,B. T. Batsford,1990-01-01T00:00:00Z,
http://www.wikidata.org/entity/Q100891107,Wharram Percy: Deserted Medieval Village,http://www.wikidata.org/entity/Q15411502,John Gilbert Hurst,http://www.wikidata.org/entity/Q936287,English Heritage,1990-01-01T00:00:00Z,
http://www.wikidata.org/entity/Q100891107,Wharram Percy: Deserted Medieval Village,http://www.wikidata.org/entity/Q15411502,John Gilbert Hurst,http://www.wikidata.org/entity/Q55740353,B. T. Batsford,1990-01-01T00:00:00Z,
http://www.wikidata.org/entity/Q100936688,Enchanted Land,http://www.wikidata.org/entity/Q4799705,Arthur Mee,http://www.wikidata.org/entity/Q14175176,Hodder & Stoughton,1936-01-01T00:00:00Z,
http://www.wikidata.org/entity/Q100952957,Neolithic and Early Bronze Age Pottery,http://www.wikidata.org/entity/Q60240621,Alex M. Gibson,http://www.wikidata.org/entity/Q7498354,Shire Books,1986-01-01T00:00:00Z,
http://www.wikidata.org/entity/Q100953204,Prehistoric pottery for the archaeologist,http://www.wikidata.org/entity/Q60240621,Alex M. Gibson,http://www.wikidata.org/entity/Q59315338,Leicester University Press,1990-01-01T00:00:00Z,
http://www.wikidata.org/entity/Q100960729,Rotuli Litterarum Patentium in Turri Londinensi,http://www.wikidata.org/entity/Q2423502,Thomas Duffus Hardy,http://www.wikidata.org/entity/Q5422976,Eyre & Spottiswoode,1835-01-01T00:00:00Z,
http://www.wikidata.org/entity/Q100987761,Q100987761,http://www.wikidata.org/entity/Q100987766,Caterina Camastra,http://www.wikidata.org/entity/Q100987823,Q100987823,2007-01-01T00:00:00Z,978-968-5389-49-5
http://www.wikidata.org/entity/Q100989237,Data Processing in Archaeology,http://www.wikidata.org/entity/Q30688732,Julian D. Richards,http://www.wikidata.org/entity/Q912887,Cambridge University Press,1985-01-01T00:00:00Z,
http://www.wikidata.org/entity/Q100992467,The Place Names of Shropshire,http://www.wikidata.org/entity/Q6759440,Margaret Gelling,http://www.wikidata.org/entity/Q5378346,English Place-Name Society,1990-01-01T00:00:00Z,
http://www.wikidata.org/entity/Q100998921,Medieval Pottery in the Yorkshire Museum,http://www.wikidata.org/entity/Q108934438,Sarah Jennings,http://www.wikidata.org/entity/Q2086562,Yorkshire Museum,1992-01-01T00:00:00Z,
http://www.wikidata.org/entity/Q100998928,Arretine and Samian Pottery,http://www.wikidata.org/entity/Q47091408,Catherine Johns,http://www.wikidata.org/entity/Q6373,British Museum,1971-01-01T00:00:00Z,
http://www.wikidata.org/entity/Q101034482,Tien miljard monden; Hoe we de wereld gaan voeden in 2050,http://www.wikidata.org/entity/Q63616378,Jeroen J.L. Candel,http://www.wikidata.org/entity/Q2052708,Prometheus Uitgeverij,2020-10-01T00:00:00Z,
http://www.wikidata.org/entity/Q101034482,Tien miljard monden; Hoe we de wereld gaan voeden in 2050,http://www.wikidata.org/entity/Q130794163,Ingrid de Zwarte,http://www.wikidata.org/entity/Q2052708,Prometheus Uitgeverij,2020-10-01T00:00:00Z,
http://www.wikidata.org/entity/Q101071079,Historical bibliographic annotated dictionary of Puerto Rico,http://www.wikidata.org/entity/Q4684292,Adolfo de Hostos,http://www.wikidata.org/entity/Q57792855,Academia Puertorriqueña de la Historia,1976-01-01T00:00:00Z,
http://www.wikidata.org/entity/Q101076760,Brigitte Heidenhain: Juden in Wriezen,http://www.wikidata.org/entity/Q101076408,Brigitte Heidenhain,http://www.wikidata.org/entity/Q95607077,Universitätsverlag Potsdam,2007-01-01T00:00:00Z,978-3-939469-39-1
http://www.wikidata.org/entity/Q101093358,"Daniel Vorpahl: ""Es war zwar unrecht, aber Tradition ist es""",http://www.wikidata.org/entity/Q101093119,Daniel Vorpahl,http://www.wikidata.org/entity/Q95607077,Universitätsverlag Potsdam,2008-01-01T00:00:00Z,978-3-940793-32-4
http://www.wikidata.org/entity/Q101093592,German-speaking films as culture Islands,http://www.wikidata.org/entity/Q101093476,Ulrike Heikaus,http://www.wikidata.org/entity/Q95607077,Universitätsverlag Potsdam,2008-01-01T00:00:00Z,978-3-940793-36-2
http://www.wikidata.org/entity/Q101093743,Rebekka Denz: Bundistinnen,http://www.wikidata.org/entity/Q101093712,Rebekka Denz,http://www.wikidata.org/entity/Q95607077,Universitätsverlag Potsdam,2009-01-01T00:00:00Z,978-3-940793-58-4
http://www.wikidata.org/entity/Q101094567,Wandgemälde der vom Vesuv verschütteten Städte Campaniens,http://www.wikidata.org/entity/Q70423,Wolfgang Helbig,http://www.wikidata.org/entity/Q634246,Breitkopf & Härtel,1868-01-01T00:00:00Z,
http://www.wikidata.org/entity/Q101094730,Le petit ours gris de la Mauricie,http://www.wikidata.org/entity/Q594644,Félix Leclerc,http://www.wikidata.org/entity/Q3210793,La Montagne secrète,2013-01-01T00:00:00Z,978-2-924217-17-7
http://www.wikidata.org/entity/Q101094733,L'échange,http://www.wikidata.org/entity/Q44519,Selma Lagerlöf,http://www.wikidata.org/entity/Q2823584,Actes Sud,,
http://www.wikidata.org/entity/Q101094805,Brigitte Heidenhain: Juden in Schwedt,http://www.wikidata.org/entity/Q101076408,Brigitte Heidenhain,http://www.wikidata.org/entity/Q95607077,Universitätsverlag Potsdam,2010-01-01T00:00:00Z,978-3-86956-050-2
http://www.wikidata.org/entity/Q101094847,Eik Dödtmann: Exile or home? The immigration and integration of Polish Jews of 1968 in Israel,http://www.wikidata.org/entity/Q96758257,Eik Dödtmann,http://www.wikidata.org/entity/Q95607077,Universitätsverlag Potsdam,2013-01-01T00:00:00Z,978-3-86956-249-0
http://www.wikidata.org/entity/Q101094939,Die Wände Pompejis,http://www.wikidata.org/entity/Q122511,Karl Schefold,http://www.wikidata.org/entity/Q98818,De Gruyter,1957-12-31T00:00:00Z,978-3-11-164557-5
http://www.wikidata.org/entity/Q101095891,"An Anglo-Saxon Cemetery at Alton, Hampshire",http://www.wikidata.org/entity/Q43956385,Vera I. Evison,http://www.wikidata.org/entity/Q63993235,Sutton Publishing,1988-01-01T00:00:00Z,
http://www.wikidata.org/entity/Q101095939,Snape Anglo-Saxon Cemetery: Excavations and Surveys 1824–1992,http://www.wikidata.org/entity/Q57305342,Tim Pestell,http://www.wikidata.org/entity/Q3305205,Suffolk County Council,2001-01-01T00:00:00Z,
http://www.wikidata.org/entity/Q101102824,Blood Royal,http://www.wikidata.org/entity/Q2156495,Robert Bartlett,http://www.wikidata.org/entity/Q912887,Cambridge University Press,2020-07-09T00:00:00Z,978-1-108-85455-9
http://www.wikidata.org/entity/Q101102829,A Commonwealth of the People,http://www.wikidata.org/entity/Q64624007,David Rollison,http://www.wikidata.org/entity/Q912887,Cambridge University Press,2009-01-01T00:00:00Z,978-0-511-80754-1
http://www.wikidata.org/entity/Q101104142,Corinna Deppner: El Aleph,http://www.wikidata.org/entity/Q101103762,Corinna Deppner,http://www.wikidata.org/entity/Q95607077,Universitätsverlag Potsdam,2016-01-01T00:00:00Z,978-3-86956-375-6
http://www.wikidata.org/entity/Q101115197,Trump on China: Putting America First,http://www.wikidata.org/entity/Q22686,Donald Trump,http://www.wikidata.org/entity/Q48525,Federal Government of the United States,2020-11-02T00:00:00Z,
http://www.wikidata.org/entity/Q101115197,Trump on China: Putting America First,http://www.wikidata.org/entity/Q24313,Mike Pence,http://www.wikidata.org/entity/Q48525,Federal Government of the United States,2020-11-02T00:00:00Z,
http://www.wikidata.org/entity/Q101115197,Trump on China: Putting America First,http://www.wikidata.org/entity/Q473239,Mike Pompeo,http://www.wikidata.org/entity/Q48525,Federal Government of the United States,2020-11-02T00:00:00Z,
http://www.wikidata.org/entity/Q101115197,Trump on China: Putting America First,http://www.wikidata.org/entity/Q723917,William Barr,http://www.wikidata.org/entity/Q48525,Federal Government of the United States,2020-11-02T00:00:00Z,
http://www.wikidata.org/entity/Q101115197,Trump on China: Putting America First,http://www.wikidata.org/entity/Q7342642,Robert C. O'Brien,http://www.wikidata.org/entity/Q48525,Federal Government of the United States,2020-11-02T00:00:00Z,
http://www.wikidata.org/entity/Q101115197,Trump on China: Putting America First,http://www.wikidata.org/entity/Q29913307,Matthew Pottinger,http://www.wikidata.org/entity/Q48525,Federal Government of the United States,2020-11-02T00:00:00Z,
http://www.wikidata.org/entity/Q101115197,Trump on China: Putting America First,http://www.wikidata.org/entity/Q30148517,Christopher A. Wray,http://www.wikidata.org/entity/Q48525,Federal Government of the United States,2020-11-02T00:00:00Z,
http://www.wikidata.org/entity/Q101169016,The Anglo-Saxon Way of Death,http://www.wikidata.org/entity/Q56707371,Sam Lucy,http://www.wikidata.org/entity/Q63993235,Sutton Publishing,2000-01-01T00:00:00Z,
http://www.wikidata.org/entity/Q101195687,The Salisbury Hoard,http://www.wikidata.org/entity/Q55741217,Ian M. Stead,http://www.wikidata.org/entity/Q64176272,Tempus Publishing,1998-01-01T00:00:00Z,
http://www.wikidata.org/entity/Q101203666,The Landscape of Anglo-Saxon England,http://www.wikidata.org/entity/Q56498329,Della Hooke,http://www.wikidata.org/entity/Q59315338,Leicester University Press,1989-01-01T00:00:00Z,
http://www.wikidata.org/entity/Q101231692,Anglo-Saxon Pottery and the Settlement of England,http://www.wikidata.org/entity/Q7066638,Nowell Myres,http://www.wikidata.org/entity/Q10454562,Clarendon Press,1969-01-01T00:00:00Z,
http://www.wikidata.org/entity/Q101350635,Description by V. Gennin of the Ural and Siberian mining plants (1735),http://www.wikidata.org/entity/Q2387506,Georg Wilhelm de Gennin,http://www.wikidata.org/entity/Q101353176,Q101353176,1937-01-01T00:00:00Z,
http://www.wikidata.org/entity/Q101413738,The history of the bicycle,http://www.wikidata.org/entity/Q1598008,Heinrich Kleyer,http://www.wikidata.org/entity/Q60056991,Rad-Welt,1916-01-01T00:00:00Z,
http://www.wikidata.org/entity/Q101421743,"York and Eastern Yorkshire: Corpus of Anglo-Saxon Stone Sculpture, Vol. III",http://www.wikidata.org/entity/Q56191499,James T. Lang,http://www.wikidata.org/entity/Q217595,Oxford University Press,1991-01-01T00:00:00Z,
http://www.wikidata.org/entity/Q101422910,"Economics and Social Change in Anglo-Saxon Kent AD 400–900: Landscapes, Communities and Exchange",http://www.wikidata.org/entity/Q59155031,Stuart Brookes,http://www.wikidata.org/entity/Q16266954,Archaeopress,2007-01-01T00:00:00Z,
http://www.wikidata.org/entity/Q101423161,The Complete Book of Home Organization,http://www.wikidata.org/entity/Q101240584,Q101240584,http://www.wikidata.org/entity/Q101240748,Weldon Owen,2016-01-01T00:00:00Z,
http://www.wikidata.org/entity/Q101435229,Why Can the Dead do such Great Things? Saints and Worshippers from the Martyrs to the Reformation,http://www.wikidata.org/entity/Q2156495,Robert Bartlett,http://www.wikidata.org/entity/Q1708210,Princeton University Press,2013-01-01T00:00:00Z,
http://www.wikidata.org/entity/Q101435286,Anglo-Saxon Magic and Medicine,http://www.wikidata.org/entity/Q367890,Charles Singer,http://www.wikidata.org/entity/Q217595,Oxford University Press,1952-01-01T00:00:00Z,
http://www.wikidata.org/entity/Q101440092,An Introduction to Optical Dating,http://www.wikidata.org/entity/Q1904125,Martin J. Aitken,http://www.wikidata.org/entity/Q217595,Oxford University Press,1998-01-01T00:00:00Z,
http://www.wikidata.org/entity/Q101470898,Brick: A World History,http://www.wikidata.org/entity/Q100989712,James W. P. Campbell,http://www.wikidata.org/entity/Q2733669,Thames & Hudson,2003-01-01T00:00:00Z,
http://www.wikidata.org/entity/Q101471095,"The Buildings of England: London 5, East",http://www.wikidata.org/entity/Q61682,Nikolaus Pevsner,http://www.wikidata.org/entity/Q255147,Yale University Press,2005-01-01T00:00:00Z,978-0-300-10701-2
http://www.wikidata.org/entity/Q101471095,"The Buildings of England: London 5, East",http://www.wikidata.org/entity/Q17541118,Bridget Cherry,http://www.wikidata.org/entity/Q255147,Yale University Press,2005-01-01T00:00:00Z,978-0-300-10701-2
http://www.wikidata.org/entity/Q101472704,Essays in English Architectural History,http://www.wikidata.org/entity/Q5919342,Howard Colvin,http://www.wikidata.org/entity/Q255147,Yale University Press,1999-01-01T00:00:00Z,
http://www.wikidata.org/entity/Q101478840,Q101478840,http://www.wikidata.org/entity/Q8772,Joseph Fourier,http://www.wikidata.org/entity/Q2958183,Charles Louis Fleury Panckoucke,1821-01-01T00:00:00Z,
http://www.wikidata.org/entity/Q101478840,Q101478840,http://www.wikidata.org/entity/Q240788,Edme-François Jomard,http://www.wikidata.org/entity/Q2958183,Charles Louis Fleury Panckoucke,1821-01-01T00:00:00Z,
http://www.wikidata.org/entity/Q101478840,Q101478840,http://www.wikidata.org/entity/Q353045,Gaspard de Chabrol,http://www.wikidata.org/entity/Q2958183,Charles Louis Fleury Panckoucke,1821-01-01T00:00:00Z,
http://www.wikidata.org/entity/Q101478840,Q101478840,http://www.wikidata.org/entity/Q974254,François Michel de Rozière,http://www.wikidata.org/entity/Q2958183,Charles Louis Fleury Panckoucke,1821-01-01T00:00:00Z,
http://www.wikidata.org/entity/Q101478840,Q101478840,http://www.wikidata.org/entity/Q2834203,Alexandre de Saint-Genis,http://www.wikidata.org/entity/Q2958183,Charles Louis Fleury Panckoucke,1821-01-01T00:00:00Z,
http://www.wikidata.org/entity/Q101478840,Q101478840,http://www.wikidata.org/entity/Q3261598,Louis Costaz,http://www.wikidata.org/entity/Q2958183,Charles Louis Fleury Panckoucke,1821-01-01T00:00:00Z,
http://www.wikidata.org/entity/Q101478840,Q101478840,http://www.wikidata.org/entity/Q3308870,Michel Ange Lancret,http://www.wikidata.org/entity/Q2958183,Charles Louis Fleury Panckoucke,1821-01-01T00:00:00Z,
http://www.wikidata.org/entity/Q101491173,"Floods and Flows, Exploring Mars Geology on Earth: 13-19 July, 2008",http://www.wikidata.org/entity/Q56480129,Walter S. Kiefer,http://www.wikidata.org/entity/Q239221,Lunar and Planetary Institute,2008-01-01T00:00:00Z,
http://www.wikidata.org/entity/Q101493889,Q101493889,http://www.wikidata.org/entity/Q101214214,Q101214214,http://www.wikidata.org/entity/Q101494340,Q101494340,2013-01-01T00:00:00Z,978-5-88664-423-4
http://www.wikidata.org/entity/Q101528404,Rutilo Parroquín,http://www.wikidata.org/entity/Q101528706,Rafael Figueroa Hernández,http://www.wikidata.org/entity/Q97175089,Veracruz Institute of Culture,2005-09-01T00:00:00Z,
http://www.wikidata.org/entity/Q101531853,Commercial Lunar Propellant Architecture: A Collaborative Study of Lunar Propellant Production,http://www.wikidata.org/entity/Q5533790,Paul Spudis,http://www.wikidata.org/entity/Q239221,Lunar and Planetary Institute,2018-01-01T00:00:00Z,
http://www.wikidata.org/entity/Q101536863,Field Guide to Cretaceous-Tertiary Boundary Sections in Northeastern Mexico,http://www.wikidata.org/entity/Q3321740,Gerta Keller,http://www.wikidata.org/entity/Q239221,Lunar and Planetary Institute,1994-01-01T00:00:00Z,
http://www.wikidata.org/entity/Q101536902,Field Trip Guidebook on Environmental Impact of Clays Along the Upper Texas Coast,http://www.wikidata.org/entity/Q59670123,Douglas Ming,http://www.wikidata.org/entity/Q239221,Lunar and Planetary Institute,1991-01-01T00:00:00Z,
http://www.wikidata.org/entity/Q101536902,Field Trip Guidebook on Environmental Impact of Clays Along the Upper Texas Coast,http://www.wikidata.org/entity/Q100752513,Theron D. Garcia,http://www.wikidata.org/entity/Q239221,Lunar and Planetary Institute,1991-01-01T00:00:00Z,
http://www.wikidata.org/entity/Q101536904,"Guidebook to the Geology of Barringer Meteorite Crater, Arizona (a.k.a. Meteor Crater)",http://www.wikidata.org/entity/Q60162731,David A. Kring,http://www.wikidata.org/entity/Q239221,Lunar and Planetary Institute,2007-01-01T00:00:00Z,
http://www.wikidata.org/entity/Q101538168,Urgent Attention Needed to Restore Lapsed Adenovirus Vaccine Availability: A Letter Report,http://www.wikidata.org/entity/Q4352382,National Academy of Medicine,http://www.wikidata.org/entity/Q6970107,National Academies Press,2000-01-01T00:00:00Z,
http://www.wikidata.org/entity/Q101538170,Informing the Future: Critical Issues in Health,http://www.wikidata.org/entity/Q4352382,National Academy of Medicine,http://www.wikidata.org/entity/Q6970107,National Academies Press,2000-01-01T00:00:00Z,
http://www.wikidata.org/entity/Q101538171,An Assessment of the Safety of the Anthrax Vaccine: A Letter Report,http://www.wikidata.org/entity/Q4352382,National Academy of Medicine,http://www.wikidata.org/entity/Q6970107,National Academies Press,2000-01-01T00:00:00Z,
http://www.wikidata.org/entity/Q101538176,CDC Anthrax Vaccine Safety; Efficacy Research Program: Interim Report,http://www.wikidata.org/entity/Q4352382,National Academy of Medicine,http://www.wikidata.org/entity/Q6970107,National Academies Press,2001-01-01T00:00:00Z,
http://www.wikidata.org/entity/Q101538183,The Emergence of Zoonotic Diseases: Understanding the Impact on Animal and Human Health: Workshop Summary,http://www.wikidata.org/entity/Q4352382,National Academy of Medicine,http://www.wikidata.org/entity/Q6970107,National Academies Press,2002-01-01T00:00:00Z,978-0-309-08327-0
